{
  "parent": "item/generated",
  "textures": {
    "layer0": "noellesroles:item/antidote"
  },
  "overrides": [
    {
      "predicate": { "cooldown": 1 },
      "model": "noellesroles:item/empty_syringe"
    }
  ],
  "display": {
    "thirdperson_righthand": {
      "rotation": [ 0, -90, -50 ],
      "translation": [ 0, -5.0, 1.5 ],
      "scale": [ 0.5, 0.5, 0.5 ]
    },
    "thirdperson_lefthand": {
      "rotation": [ 0, 90, 50 ],
      "translation": [ 0, -5.0, 1.5 ],
      "scale": [ 0.5, 0.5, 0.5 ]
    },
    "firstperson_righthand": {
      "rotation": [ 45, -90, -135 ],
      "translation": [ 1.13, 3.2, 1.13 ],
      "scale": [ 0.6, 0.6, 0.6 ]
    },
    "firstperson_lefthand": {
      "rotation": [ 45, 90, 135 ],
      "translation": [ 1.13, 3.2, 1.13 ],
      "scale": [ 0.6, 0.6, 0.6 ]
    }
  }
}