{
  "parent": "item/generated",
  "textures": {
    "layer0": "trainmurdermystery:item/revolver"
  },
  "display": {
    "thirdperson_righthand": {
      "rotation": [ 0, -90, 55 ],
      "translation": [ 0, 0.6, -0.6 ],
      "scale": [ 0.5, 0.5, 0.5 ]
    },
    "thirdperson_lefthand": {
      "rotation": [ 0, 90, -55 ],
      "translation": [ 0, 0.6, -0.6 ],
      "scale": [ 0.5, 0.5, 0.5 ]
    },
    "firstperson_righthand": {
      "rotation": [ 0, -90, 45 ],
      "translation": [ 1.13, 3.2, 1.13 ],
      "scale": [ 0.6, 0.6, 0.6 ]
    },
    "firstperson_lefthand": {
      "rotation": [ 0, 90, -45 ],
      "translation": [ 1.13, 3.2, 1.13 ],
      "scale": [ 0.6, 0.6, 0.6 ]
    }
  }
}