{
    "parent": "item/generated",
    "textures": {
        "layer0": "trainmurdermystery:item/key"
    },
    "display": {
        "thirdperson_righthand": {
            "rotation": [ 0, -90, -90 ],
            "translation": [ 0, 0.0, -1.0 ],
            "scale": [ 0.3, 0.3, 0.3 ]
        },
        "thirdperson_lefthand": {
            "rotation": [ 0, 90, 90 ],
            "translation": [ 0, 0.0, -1.0 ],
            "scale": [ 0.3, 0.3, 0.3 ]
        },
        "firstperson_righthand": {
            "rotation": [ 0, -90, -45 ],
            "translation": [ 1.13, 2.0, 1.13 ],
            "scale": [ 0.4, 0.4, 0.4 ]
        },
        "firstperson_lefthand": {
            "rotation": [ 0, 90, 45 ],
            "translation": [ 1.13, 2.0, 1.13 ],
            "scale": [ 0.4, 0.4, 0.4 ]
        }
    }
}