{
  "schemaVersion": 1,
  "id": "noellesroles",
  "version": "${version}",
  "name": "NoellesRoles",
  "description": "",
  "authors": [],
  "contact": {},
  "license": "LGPL-3.0",
  "icon": "assets/noellesroles/icon.png",
  "environment": "*",
  "entrypoints": {
    "fabric-datagen": [
      "org.agmas.noellesroles.client.NoellesrolesDataGenerator"
    ],
    "client": [
      "org.agmas.noellesroles.client.NoellesrolesClient"
    ],
    "main": [
      "org.agmas.noellesroles.Noellesroles"
    ],
    "cardinal-components": [
      "org.agmas.noellesroles.component.ModComponents"
    ],
    "voicechat": [
      "org.agmas.noellesroles.voice.NoellesrolesVoiceChatPlugin"
    ]
  },

  "accessWidener" : "noellesroles.accesswidener",

  "custom": {
  "cardinal-components": [
    "noellesroles:morphling",
    "noellesroles:bartender",
    "noellesroles:ability",
    "noellesroles:voodoo",
    "noellesroles:config",
    "noellesroles:body_death_reason",
    "noellesroles:gambler",
    "noellesroles:executioner",
    "noellesroles:recaller",
    "noellesroles:vulture",
    "noellesroles:broadcaster",
    "noellesroles:ghost",
    "noellesroles:thief",
    "noellesroles:ability",
    "noellesroles:ability_no",
    "noellesroles:avenger",
    "noellesroles:conspirator",
    "noellesroles:slippery_ghost",
    "noellesroles:telegrapher",
    "noellesroles:boxer",
    "noellesroles:postman",
    "noellesroles:detective",
    "noellesroles:stalker",
    "noellesroles:athlete",
    "noellesroles:admirer",
    "noellesroles:trapper",
    "noellesroles:star",
    "noellesroles:veteran",
    "noellesroles:singer",
    "noellesroles:psychologist",
    "noellesroles:puppeteer"
  ]
  },
  "mixins": [
    "noellesroles.mixins.json"

  ],
  "depends": {
    "fabricloader": ">=${loader_version}",
    "fabric": "*",
    "minecraft": "${minecraft_version}",
    "harpymodloader": "*"
  }
}
