{
  "required": true,
  "minVersion": "0.8",
  "package": "org.agmas.noellesroles.mixin",
  "compatibilityLevel": "JAVA_21",
  "plugin": "org.agmas.noellesroles.client.NRMixinPlugin",
  "mixins": [
    "GiveCoinsOnMoodCompletionMixin",
    "MasterKeyDoorMixin",
    "PlayerResetMixin",
    "SimpleRolePurchaseMixin",
    "SlipperyGhostShopMixin",
    "SpawnMixin",
    "roles.EngineerShopMixin",
    "roles.PostmanShopMixin",
    "roles.PuppeteerShopMixin",
    "roles.avengerKill.AvengerKillMixin",
    "roles.bartender.BartenderPlayerShopComponentMixin",
    "roles.bartender.BartenderReseterMixin",
    "roles.bartender.CocktailItemMixin",
    "roles.bartender.DefenseVialApplyMixin",
    "roles.bartender.PoisonToHealsMixin",
    "roles.coroner.CoronerAddDeathReasonMixin",
    "roles.engineer.EngineerCrowbarMixin",
    "roles.executioner.ExecutionerConfirmMixin",
    "roles.executioner.ExecutionerShopMixin",
    "roles.executioner.NoTargetBackfireMixin",
    "roles.framing.DelusionVialApplyMixin",
    "roles.framing.DoNotApplyFakePoisonMixin",
    "roles.framing.FramingPassiveIncomeMixin",
    "roles.framing.FramingRolesShopComponentMixin",
    "roles.gambler.GamblerDeathMixin",
    "roles.ghost.GhostSoundMixin",
    "roles.host.MasterKeyDropMixin",
    "roles.host.MasterKeySmallDoorMixin",
    "roles.host.MasterKeyTrainDoorMixin",
    "roles.host.MoneyIncreaseMixin",
    "roles.jester.FakeRevolverMixin",
    "roles.jester.JesterItemEntityMixin",
    "roles.jester.JesterJestMixin",
    "roles.morphling.MorphlingReseterMixin",
    "roles.noisemaker.NoisemakerKillMixin",
    "roles.noisemaker.NoisemakerPlayerShopComponentMixin",
    "roles.stalker.StalkerKillCountMixin",
    "roles.stalker.StalkerLeftClickKillMixin",
    "roles.thief.DelayedCoinDisplayMixin",
    "roles.thief.ThiefDeathCoinMixin",
    "roles.thief.ThiefsHonorMixin",
    "roles.thief.ThiefShopMixin",
    "roles.veteran.VeteranKnifeMixin",
    "roles.voodoo.VoodooVooMixin"
  ],
  "injectors": {
    "defaultRequire": 1
  },
  "client": [
    "client.AvengerHudMixin",
    "client.BoxerHudMixin",
    "client.ConspiratorHudMixin",
    "client.DetectiveHudMixin",
    "client.EngineerHudMixin",
    "client.HeldItemFeatureRendererMixin",
    "client.InstinctMixin",
    "client.LamBugFix",
    "client.LobbyCreditsHudMixin",
    "client.MoneyHudMixin",
    "client.PsychologistHudMixin",
    "client.PuppeteerHudMixin",
    "client.SimpleRoleCompat",
    "client.SingerHudMixin",
    "client.SlipperyGhostHudMixin",
    "client.StalkerHudMixin",
    "client.StalkerInstinctMixin",
    "client.StalkerRoleNameMixin",
    "client.StarHudMixin",
    "client.StoreRendererMixin",
    "client.TelegrapherHudMixin",
    "client.admirer.AdmirerHudMixin",
    "client.bartender.DefenseVialHandMixin",
    "client.broadcaster.BroadcasterHudMixin",
    "client.conductor.MasterKeyInvisibilityMixin",
    "client.coroner.CoronerHudMixin",
    "client.detective.DetectivePassiveUiMixin",
    "client.detective.PlaySoundEventMixin",
    "client.executioner.ExecutionerScreenMixin",
    "client.executioner.ExecutionerShopScreenMixin",
    "client.morphling.MorphilingHudMixin",
    "client.morphling.MorphlingRendererMixin",
    "client.morphling.MorphlingRoleNameRendererMixin",
    "client.morphling.MorphlingScreenMixin",
    "client.phantom.PhantomHudMixin",
    "client.phantom.PhantomRattatoulieMixin",
    "client.recaller.RecallerHudMixin",
    "client.swapper.SwapperScreenMixin",
    "client.thief.ThiefHudMixin",
    "client.trapper.TrapperHudMixin",
    "client.voodoo.VoodooScreenMixin",
    "client.vulture.VultureEatenBodyMixin",
    "client.vulture.VultureHudMixin"
  ],
  "overwrites": {
    "requireAnnotations": true
  }
}